{"cameraMode":{"drawMode":0,"name":"Shaded","section":"Shading Mode"},"sceneLighting":false,"audioPlay":false,"sceneViewState":{"showFog":true,"showMaterialUpdate":false,"showSkybox":false,"showFlares":true,"showImageEffects":true,"showParticleSystems":true},"in2DMode":false,"pivot":{"x":0.08567989617586136,"y":0.10550235956907273,"z":-0.06834054738283158},"rotation":{"x":0.24265550076961518,"y":-0.3172832131385803,"z":0.08434323966503144,"w":0.9128749966621399},"size":0.08660253882408142,"orthographic":false}