{"cameraMode":{"drawMode":0,"name":"Shaded","section":"Shading Mode"},"sceneLighting":false,"audioPlay":false,"sceneViewState":{"showFog":true,"showMaterialUpdate":false,"showSkybox":false,"showFlares":true,"showImageEffects":true,"showParticleSystems":true},"in2DMode":false,"pivot":{"x":-0.7195415496826172,"y":0.42805594205856326,"z":-0.5319415330886841},"rotation":{"x":0.12765243649482728,"y":-0.203774556517601,"z":0.02680942416191101,"w":0.9702938199043274},"size":0.259807825088501,"orthographic":false}